filename,file_size,file_attributes,region_count,region_id,region_shape_attributes,region_attributes
NAR1-0.png,59747,"{}",9,0,"{""name"":""rect"",""x"":1745,""y"":498,""width"":567,""height"":71}","{""Label"":""company_number""}"
NAR1-0.png,59747,"{}",9,1,"{""name"":""rect"",""x"":214,""y"":651,""width"":2091,""height"":345}","{""Label"":""company_name""}"
NAR1-0.png,59747,"{}",9,2,"{""name"":""rect"",""x"":214,""y"":1549,""width"":51,""height"":45}","{""Label"":""checkbox_private""}"
NAR1-0.png,59747,"{}",9,3,"{""name"":""rect"",""x"":698,""y"":1549,""width"":55,""height"":47}","{""Label"":""checkbox_public""}"
NAR1-0.png,59747,"{}",9,4,"{""name"":""rect"",""x"":1226,""y"":1549,""width"":53,""height"":47}","{""Label"":""checkbox_ltd""}"
NAR1-0.png,59747,"{}",9,5,"{""name"":""rect"",""x"":1500,""y"":1698,""width"":810,""height"":96}","{""Label"":""return_date""}"
NAR1-0.png,59747,"{}",9,6,"{""name"":""rect"",""x"":212,""y"":2601,""width"":1618,""height"":69}","{""Label"":""company_addr_1""}"
NAR1-0.png,59747,"{}",9,7,"{""name"":""rect"",""x"":212,""y"":2695,""width"":1616,""height"":69}","{""Label"":""company_addr_2""}"
NAR1-0.png,59747,"{}",9,8,"{""name"":""rect"",""x"":212,""y"":2791,""width"":1626,""height"":73}","{""Label"":""company_addr_3""}"
NAR1-1.png,66208,"{}",10,0,"{""name"":""rect"",""x"":624,""y"":2654,""width"":228,""height"":112}","{""Label"":""tot currency 1""}"
NAR1-1.png,66208,"{}",10,1,"{""name"":""rect"",""x"":626,""y"":2775,""width"":224,""height"":110}","{""Label"":""tot currency 2""}"
NAR1-1.png,66208,"{}",10,2,"{""name"":""rect"",""x"":628,""y"":2891,""width"":224,""height"":116}","{""Label"":""tot currency 3""}"
NAR1-1.png,66208,"{}",10,3,"{""name"":""rect"",""x"":628,""y"":3016,""width"":224,""height"":110}","{""Label"":""tot currency 4""}"
NAR1-1.png,66208,"{}",10,4,"{""name"":""rect"",""x"":628,""y"":3138,""width"":222,""height"":104}","{""Label"":""tot currency 5""}"
NAR1-1.png,66208,"{}",10,5,"{""name"":""rect"",""x"":1812,""y"":2656,""width"":492,""height"":108}","{""Label"":""tot amount 1""}"
NAR1-1.png,66208,"{}",10,6,"{""name"":""rect"",""x"":1812,""y"":2777,""width"":498,""height"":104}","{""Label"":""tot amount 2""}"
NAR1-1.png,66208,"{}",10,7,"{""name"":""rect"",""x"":1814,""y"":2899,""width"":490,""height"":106}","{""Label"":""tot amount 3""}"
NAR1-1.png,66208,"{}",10,8,"{""name"":""rect"",""x"":1814,""y"":3014,""width"":490,""height"":112}","{""Label"":""tot amount 4""}"
NAR1-1.png,66208,"{}",10,9,"{""name"":""rect"",""x"":1814,""y"":3140,""width"":494,""height"":104}","{""Label"":""tot amount 5""}"
NAR1-2.png,48691,"{}",0,0,"{}","{}"
NAR1-3.png,38757,"{}",10,0,"{""name"":""rect"",""x"":712,""y"":537,""width"":59,""height"":49}","{""Label"":""checkbox_director""}"
NAR1-3.png,38757,"{}",10,1,"{""name"":""rect"",""x"":1051,""y"":537,""width"":63,""height"":49}","{""Label"":""checkbox_alt_director""}"
NAR1-3.png,38757,"{}",10,2,"{""name"":""rect"",""x"":712,""y"":812,""width"":1616,""height"":94}","{""Label"":""director_cn_name""}"
NAR1-3.png,38757,"{}",10,3,"{""name"":""rect"",""x"":710,""y"":945,""width"":1626,""height"":92}","{""Label"":""director_en_name_1""}"
NAR1-3.png,38757,"{}",10,4,"{""name"":""rect"",""x"":714,""y"":1057,""width"":1616,""height"":135}","{""Label"":""director_en_name_1""}"
NAR1-3.png,38757,"{}",10,5,"{""name"":""rect"",""x"":710,""y"":1724,""width"":1620,""height"":80}","{""Label"":""director_addr_1""}"
NAR1-3.png,38757,"{}",10,6,"{""name"":""rect"",""x"":712,""y"":1828,""width"":1620,""height"":80}","{""Label"":""director_addr_1""}"
NAR1-3.png,38757,"{}",10,7,"{""name"":""rect"",""x"":712,""y"":1930,""width"":1618,""height"":78}","{""Label"":""director_addr_1""}"
NAR1-3.png,38757,"{}",10,8,"{""name"":""rect"",""x"":1369,""y"":2314,""width"":765,""height"":88}","{""Label"":""director_hkid_mixed""}"
NAR1-3.png,38757,"{}",10,9,"{""name"":""rect"",""x"":2199,""y"":2316,""width"":82,""height"":82}","{""Label"":""director_hkid_digi""}"
NAR1-4.png,43732,"{}",0,0,"{}","{}"
NAR1-5.png,36152,"{}",0,0,"{}","{}"
NAR1-6.png,66972,"{}",2,0,"{""name"":""rect"",""x"":221,""y"":394,""width"":44,""height"":52}","{""Label"":""check box schedule 1""}"
NAR1-6.png,66972,"{}",2,1,"{""name"":""rect"",""x"":222,""y"":522,""width"":43,""height"":52}","{""Label"":""check box schedule 2""}"
NAR1-7.png,47355,"{}",12,0,"{""name"":""rect"",""x"":759,""y"":741,""width"":1573,""height"":76}","{""Label"":""class of Shares""}"
NAR1-7.png,47355,"{}",12,1,"{""name"":""rect"",""x"":1561,""y"":853,""width"":767,""height"":78}","{""Label"":""total number of shares""}"
NAR1-7.png,47355,"{}",12,2,"{""name"":""rect"",""x"":149,""y"":1200,""width"":426,""height"":384}","{""Label"":""shareholder name 1""}"
NAR1-7.png,47355,"{}",12,3,"{""name"":""rect"",""x"":1076,""y"":1200,""width"":279,""height"":384}","{""Label"":""current holding 1""}"
NAR1-7.png,47355,"{}",12,4,"{""name"":""rect"",""x"":151,""y"":1594,""width"":427,""height"":388}","{""Label"":""shareholder name 2""}"
NAR1-7.png,47355,"{}",12,5,"{""name"":""rect"",""x"":1072,""y"":1596,""width"":289,""height"":388}","{""Label"":""current holding 2""}"
NAR1-7.png,47355,"{}",12,6,"{""name"":""rect"",""x"":151,""y"":1991,""width"":430,""height"":389}","{""Label"":""shareholder name 3""}"
NAR1-7.png,47355,"{}",12,7,"{""name"":""rect"",""x"":1075,""y"":1993,""width"":281,""height"":386}","{""Label"":""current holding 3""}"
NAR1-7.png,47355,"{}",12,8,"{""name"":""rect"",""x"":151,""y"":2385,""width"":427,""height"":391}","{""Label"":""shareholder name 4""}"
NAR1-7.png,47355,"{}",12,9,"{""name"":""rect"",""x"":1075,""y"":2388,""width"":284,""height"":386}","{""Label"":""current holding 4""}"
NAR1-7.png,47355,"{}",12,10,"{""name"":""rect"",""x"":152,""y"":2787,""width"":424,""height"":384}","{""Label"":""shareholder name 5""}"
NAR1-7.png,47355,"{}",12,11,"{""name"":""rect"",""x"":1075,""y"":2783,""width"":284,""height"":389}","{""Label"":""current holding 5""}"