filename,file_size,file_attributes,region_count,region_id,region_shape_attributes,region_attributes
NAR1-0.png,434817,"{}",7,0,"{""name"":""rect"",""x"":1745,""y"":517,""width"":614,""height"":105}","{""Label"":""company_number""}"
NAR1-0.png,434817,"{}",7,1,"{""name"":""rect"",""x"":320,""y"":709,""width"":2042,""height"":184}","{""Label"":""company_name""}"
NAR1-0.png,434817,"{}",7,2,"{""name"":""rect"",""x"":317,""y"":993,""width"":2044,""height"":136}","{""Label"":""business_name""}"
NAR1-0.png,434817,"{}",7,3,"{""name"":""rect"",""x"":1673,""y"":1486,""width"":223,""height"":110}","{""Label"":""return_dd""}"
NAR1-0.png,434817,"{}",7,4,"{""name"":""rect"",""x"":1907,""y"":1487,""width"":220,""height"":110}","{""Label"":""return_mm""}"
NAR1-0.png,434817,"{}",7,5,"{""name"":""rect"",""x"":2136,""y"":1486,""width"":223,""height"":110}","{""Label"":""return_yyyy""}"
NAR1-0.png,434817,"{}",7,6,"{""name"":""rect"",""x"":320,""y"":2483,""width"":2042,""height"":230}","{""Label"":""company_addr""}"
NAR1-1.png,183729,"{}",2,0,"{""name"":""rect"",""x"":1820,""y"":2719,""width"":518,""height"":446}","{""Label"":""capital_amount""}"
NAR1-1.png,183729,"{}",2,1,"{""name"":""rect"",""x"":619,""y"":2722,""width"":218,""height"":445}","{""Label"":""capital_currency""}"
NAR1-3.png,8714012,"{}",15,0,"{""name"":""rect"",""x"":745,""y"":945,""width"":1617,""height"":100}","{""Label"":""director_cn_name""}"
NAR1-3.png,8714012,"{}",15,1,"{""name"":""rect"",""x"":745,""y"":1064,""width"":1619,""height"":96}","{""Label"":""director_en_name_1""}"
NAR1-3.png,8714012,"{}",15,2,"{""name"":""rect"",""x"":745,""y"":1177,""width"":1619,""height"":100}","{""Label"":""director_en_name_2""}"
NAR1-3.png,8714012,"{}",15,3,"{""name"":""rect"",""x"":745,""y"":1767,""width"":1619,""height"":102}","{""Label"":""director_addr_1""}"
NAR1-3.png,8714012,"{}",15,4,"{""name"":""rect"",""x"":745,""y"":1886,""width"":1619,""height"":98}","{""Label"":""director_addr_2""}"
NAR1-3.png,8714012,"{}",15,5,"{""name"":""rect"",""x"":745,""y"":2001,""width"":1619,""height"":98}","{""Label"":""director_addr_3""}"
NAR1-3.png,8714012,"{}",15,6,"{""name"":""rect"",""x"":745,""y"":2118,""width"":1619,""height"":96}","{""Label"":""director_addr_4""}"
NAR1-3.png,8714012,"{}",15,7,"{""name"":""rect"",""x"":1173,""y"":2450,""width"":125,""height"":92}","{""Label"":""director_hkid_char_1""}"
NAR1-3.png,8714012,"{}",15,8,"{""name"":""rect"",""x"":1306,""y"":2450,""width"":125,""height"":92}","{""Label"":""director_hkid_char_2""}"
NAR1-3.png,8714012,"{}",15,9,"{""name"":""rect"",""x"":1471,""y"":2450,""width"":115,""height"":92}","{""Label"":""director_hkid_digi_1""}"
NAR1-3.png,8714012,"{}",15,10,"{""name"":""rect"",""x"":1598,""y"":2450,""width"":115,""height"":92}","{""Label"":""director_hkid_digi_2""}"
NAR1-3.png,8714012,"{}",15,11,"{""name"":""rect"",""x"":1724,""y"":2450,""width"":117,""height"":92}","{""Label"":""director_hkid_digi_3""}"
NAR1-3.png,8714012,"{}",15,12,"{""name"":""rect"",""x"":1853,""y"":2450,""width"":117,""height"":92}","{""Label"":""director_hkid_digi_4""}"
NAR1-3.png,8714012,"{}",15,13,"{""name"":""rect"",""x"":1982,""y"":2450,""width"":115,""height"":92}","{""Label"":""director_hkid_digi_5""}"
NAR1-3.png,8714012,"{}",15,14,"{""name"":""rect"",""x"":2109,""y"":2450,""width"":114,""height"":92}","{""Label"":""director_hkid_digi_6""}"
NAR1-s1.png,187600,"{}",5,0,"{""name"":""rect"",""x"":855,""y"":1041,""width"":1492,""height"":113}","{""Label"":""share_class""}"
NAR1-s1.png,187600,"{}",5,1,"{""name"":""rect"",""x"":1730,""y"":1200,""width"":616,""height"":115}","{""Label"":""tot_share""}"
NAR1-s1.png,187600,"{}",5,2,"{""name"":""rect"",""x"":705,""y"":1753,""width"":591,""height"":1246}","{""Label"":""share_addr""}"
NAR1-s1.png,187600,"{}",5,3,"{""name"":""rect"",""x"":306,""y"":1752,""width"":387,""height"":1246}","{""Label"":""share_name""}"
NAR1-s1.png,187600,"{}",5,4,"{""name"":""rect"",""x"":1302,""y"":1751,""width"":273,""height"":1248}","{""Label"":""share_amount""}"
NAR1-cb.png,55294,"{}",15,0,"{""name"":""rect"",""x"":780,""y"":1025,""width"":1569,""height"":102}","{""Label"":""director_cn_name""}"
NAR1-cb.png,55294,"{}",15,1,"{""name"":""rect"",""x"":780,""y"":1146,""width"":1569,""height"":100}","{""Label"":""director_en_name_1""}"
NAR1-cb.png,55294,"{}",15,2,"{""name"":""rect"",""x"":780,""y"":1264,""width"":1569,""height"":98}","{""Label"":""director_en_name_2""}"
NAR1-cb.png,55294,"{}",15,3,"{""name"":""rect"",""x"":780,""y"":1851,""width"":1569,""height"":100}","{""Label"":""director_addr_1""}"
NAR1-cb.png,55294,"{}",15,4,"{""name"":""rect"",""x"":780,""y"":1968,""width"":1569,""height"":98}","{""Label"":""director_addr_2""}"
NAR1-cb.png,55294,"{}",15,5,"{""name"":""rect"",""x"":780,""y"":2085,""width"":1569,""height"":98}","{""Label"":""director_addr_3""}"
NAR1-cb.png,55294,"{}",15,6,"{""name"":""rect"",""x"":778,""y"":2201,""width"":1571,""height"":100}","{""Label"":""director_addr_4""}"
NAR1-cb.png,55294,"{}",15,7,"{""name"":""rect"",""x"":1233,""y"":2537,""width"":113,""height"":90}","{""Label"":""director_hkid_char_1""}"
NAR1-cb.png,55294,"{}",15,8,"{""name"":""rect"",""x"":1356,""y"":2537,""width"":113,""height"":90}","{""Label"":""director_hkid_char_2""}"
NAR1-cb.png,55294,"{}",15,9,"{""name"":""rect"",""x"":1511,""y"":2537,""width"":108,""height"":90}","{""Label"":""director_hkid_digi_1""}"
NAR1-cb.png,55294,"{}",15,10,"{""name"":""rect"",""x"":1628,""y"":2537,""width"":111,""height"":90}","{""Label"":""director_hkid_digi_2""}"
NAR1-cb.png,55294,"{}",15,11,"{""name"":""rect"",""x"":1751,""y"":2537,""width"":109,""height"":90}","{""Label"":""director_hkid_digi_3""}"
NAR1-cb.png,55294,"{}",15,12,"{""name"":""rect"",""x"":1870,""y"":2537,""width"":108,""height"":90}","{""Label"":""director_hkid_digi_4""}"
NAR1-cb.png,55294,"{}",15,13,"{""name"":""rect"",""x"":1989,""y"":2537,""width"":109,""height"":90}","{""Label"":""director_hkid_digi_5""}"
NAR1-cb.png,55294,"{}",15,14,"{""name"":""rect"",""x"":2108,""y"":2537,""width"":109,""height"":90}","{""Label"":""director_hkid_digi_6""}"