LABEL,SEG,LANG,WHITE_LIST,BLACK_LIST,RESIZE,PSM,OEM
company_number,line,eng,0123456789,,,,
company_name,block,tuned_chi_tra+eng,,,,,
business_name,block,tuned_chi_tra+eng,,,,,
company_addr,block,eng,"ABCDEFGHIJKLMNOPQRSTUVWXYZabcdefghijklmnopqrstuvwxyz0123456789 .,&/@'",,,,
return_dd,line,eng,0123456789,,,,
return_mm,line,eng,0123456789,,,,
return_yyyy,line,eng,0123456789,,,,
return_date,line,eng,"0123456789/",,,,
capital_currency,block,eng,"HKDUSD$NIL",,,,
capital_amount,block,eng,"0123456789,.",,,,
director_cn_name,char,tuned_chi_tra,,"+-_*^&%$#@！～`<>,.|\'\""’﹌[]()ˊˇ‥ˍ﹎﹣﹝﹞﹐˙‧′ˉ﹡=，﹒。…〝""“”～~-【】!""#$%&'()*+,-./:;<=>?@[\]^_`{|}~",,,
director_en_name_1,line,eng,"ABCDEFGHIJKLMNOPQRSTUVWXYZabcdefghijklmnopqrstuvwxyz0123456789 .,",,,,
director_en_name_2,line,eng,"ABCDEFGHIJKLMNOPQRSTUVWXYZabcdefghijklmnopqrstuvwxyz0123456789 .,",,,,
director_addr_1,line,eng,"ABCDEFGHIJKLMNOPQRSTUVWXYZabcdefghijklmnopqrstuvwxyz0123456789 .,&/@'",,,,1
director_addr_2,line,eng,"ABCDEFGHIJKLMNOPQRSTUVWXYZabcdefghijklmnopqrstuvwxyz0123456789 .,&/@'",,,,1
director_addr_3,line,eng,"ABCDEFGHIJKLMNOPQRSTUVWXYZabcdefghijklmnopqrstuvwxyz0123456789 .,&/@'",,,,1
director_addr_4,line,eng,"ABCDEFGHIJKLMNOPQRSTUVWXYZabcdefghijklmnopqrstuvwxyz0123456789 .,&/@'",,,,1
director_hkid_char_1,char,eng,CPEHFZBDRKGYZVAUWN,,,,0
director_hkid_char_2,char,eng,CPEHFZBDRKGYZVAUWN,,,,0
director_hkid_digi_1,char,eng,0123456789,,,,0
director_hkid_digi_2,char,eng,0123456789,,,,0
director_hkid_digi_3,char,eng,0123456789,,,,0
director_hkid_digi_4,char,eng,0123456789,,,,0
director_hkid_digi_5,char,eng,0123456789,,,,0
director_hkid_digi_6,char,eng,0123456789,,,,0
share_class,line,eng,,,,8,
tot_share,line,eng,0123456789,,,8,
share_addr,doc,eng,"ABCDEFGHIJKLMNOPQRSTUVWXYZabcdefghijklmnopqrstuvwxyz0123456789 .,&/@'",,,,1
share_name,doc,tuned_chi_tra+eng,,"0123456789=<>?!@#$%^&*+_~`|\{}:;[]",,,0
share_amount,doc,eng,0123456789,,,,0
