filename,file_size,file_attributes,region_count,region_id,region_shape_attributes,region_attributes
NAR1-0.png,67908,"{}",7,0,"{""name"":""rect"",""x"":1679,""y"":478,""width"":622,""height"":102}","{""Label"":""company_number""}"
NAR1-0.png,67908,"{}",7,1,"{""name"":""rect"",""x"":422,""y"":668,""width"":1882,""height"":173}","{""Label"":""company_name""}"
NAR1-0.png,67908,"{}",7,2,"{""name"":""rect"",""x"":424,""y"":919,""width"":1880,""height"":171}","{""Label"":""business_name""}"
NAR1-0.png,67908,"{}",7,3,"{""name"":""rect"",""x"":1522,""y"":1367,""width"":254,""height"":100}","{""Label"":""return_dd""}"
NAR1-0.png,67908,"{}",7,4,"{""name"":""rect"",""x"":1789,""y"":1368,""width"":256,""height"":99}","{""Label"":""return_mm""}"
NAR1-0.png,67908,"{}",7,5,"{""name"":""rect"",""x"":2055,""y"":1365,""width"":242,""height"":105}","{""Label"":""return_yyyy""}"
NAR1-0.png,67908,"{}",7,6,"{""name"":""rect"",""x"":424,""y"":2269,""width"":1875,""height"":221}","{""Label"":""company_addr""}"
NAR1-1.png,53337,"{}",2,0,"{""name"":""rect"",""x"":789,""y"":2521,""width"":209,""height"":436}","{""Label"":""capital_currency""}"
NAR1-1.png,53337,"{}",2,1,"{""name"":""rect"",""x"":1875,""y"":2520,""width"":424,""height"":438}","{""Label"":""capital_amount""}"
NAR1-3.png,43479,"{}",15,0,"{""name"":""rect"",""x"":837,""y"":917,""width"":1472,""height"":85}","{""Label"":""director_cn_name""}"
NAR1-3.png,43479,"{}",15,1,"{""name"":""rect"",""x"":837,""y"":1036,""width"":1472,""height"":88}","{""Label"":""director_en_name_1""}"
NAR1-3.png,43479,"{}",15,2,"{""name"":""rect"",""x"":837,""y"":1140,""width"":1471,""height"":84}","{""Label"":""director_en_name_2""}"
NAR1-3.png,43479,"{}",15,3,"{""name"":""rect"",""x"":841,""y"":1709,""width"":1467,""height"":80}","{""Label"":""director_addr_1""}"
NAR1-3.png,43479,"{}",15,4,"{""name"":""rect"",""x"":839,""y"":1812,""width"":1470,""height"":80}","{""Label"":""director_addr_2""}"
NAR1-3.png,43479,"{}",15,5,"{""name"":""rect"",""x"":838,""y"":1915,""width"":1471,""height"":85}","{""Label"":""director_addr_3""}"
NAR1-3.png,43479,"{}",15,6,"{""name"":""rect"",""x"":840,""y"":2022,""width"":1466,""height"":86}","{""Label"":""director_addr_4""}"
NAR1-3.png,43479,"{}",15,7,"{""name"":""rect"",""x"":1173,""y"":2287,""width"":115,""height"":89}","{""Label"":""director_hkid_char_1""}"
NAR1-3.png,43479,"{}",15,8,"{""name"":""rect"",""x"":1297,""y"":2287,""width"":114,""height"":88}","{""Label"":""director_hkid_char_2""}"
NAR1-3.png,43479,"{}",15,9,"{""name"":""rect"",""x"":1441,""y"":2289,""width"":119,""height"":84}","{""Label"":""director_hkid_digi_1""}"
NAR1-3.png,43479,"{}",15,10,"{""name"":""rect"",""x"":1568,""y"":2289,""width"":115,""height"":84}","{""Label"":""director_hkid_digi_2""}"
NAR1-3.png,43479,"{}",15,11,"{""name"":""rect"",""x"":1691,""y"":2291,""width"":116,""height"":82}","{""Label"":""director_hkid_digi_3""}"
NAR1-3.png,43479,"{}",15,12,"{""name"":""rect"",""x"":1817,""y"":2287,""width"":114,""height"":86}","{""Label"":""director_hkid_digi_4""}"
NAR1-3.png,43479,"{}",15,13,"{""name"":""rect"",""x"":1940,""y"":2288,""width"":115,""height"":85}","{""Label"":""director_hkid_digi_5""}"
NAR1-3.png,43479,"{}",15,14,"{""name"":""rect"",""x"":2061,""y"":2287,""width"":119,""height"":89}","{""Label"":""director_hkid_digi_6""}"
NAR1-s1.png,55569,"{}",5,0,"{""name"":""rect"",""x"":883,""y"":1008,""width"":1424,""height"":106}","{""Label"":""share_class""}"
NAR1-s1.png,55569,"{}",5,1,"{""name"":""rect"",""x"":1744,""y"":1161,""width"":565,""height"":106}","{""Label"":""tot_share""}"
NAR1-s1.png,55569,"{}",5,2,"{""name"":""rect"",""x"":661,""y"":1693,""width"":531,""height"":832}","{""Label"":""share_addr""}"
NAR1-s1.png,55569,"{}",5,3,"{""name"":""rect"",""x"":310,""y"":1695,""width"":335,""height"":830}","{""Label"":""share_name""}"
NAR1-s1.png,55569,"{}",5,4,"{""name"":""rect"",""x"":1204,""y"":1693,""width"":282,""height"":834}","{""Label"":""share_amount""}"
NAR1-cb.png,41814,"{}",15,0,"{""name"":""rect"",""x"":758,""y"":998,""width"":1524,""height"":100}","{""Label"":""director_cn_name""}"
NAR1-cb.png,41814,"{}",15,1,"{""name"":""rect"",""x"":757,""y"":1111,""width"":1529,""height"":101}","{""Label"":""director_en_name_1""}"
NAR1-cb.png,41814,"{}",15,2,"{""name"":""rect"",""x"":757,""y"":1226,""width"":1526,""height"":100}","{""Label"":""director_en_name_2""}"
NAR1-cb.png,41814,"{}",15,3,"{""name"":""rect"",""x"":755,""y"":1794,""width"":1529,""height"":100}","{""Label"":""director_addr_1""}"
NAR1-cb.png,41814,"{}",15,4,"{""name"":""rect"",""x"":755,""y"":1906,""width"":1529,""height"":100}","{""Label"":""director_addr_2""}"
NAR1-cb.png,41814,"{}",15,5,"{""name"":""rect"",""x"":755,""y"":2019,""width"":1529,""height"":101}","{""Label"":""director_addr_3""}"
NAR1-cb.png,41814,"{}",15,6,"{""name"":""rect"",""x"":754,""y"":2131,""width"":1530,""height"":100}","{""Label"":""director_addr_4""}"
NAR1-cb.png,41814,"{}",15,7,"{""name"":""rect"",""x"":1196,""y"":2453,""width"":114,""height"":98}","{""Label"":""director_hkid_char_1""}"
NAR1-cb.png,41814,"{}",15,8,"{""name"":""rect"",""x"":1319,""y"":2453,""width"":112,""height"":98}","{""Label"":""director_hkid_char_2""}"
NAR1-cb.png,41814,"{}",15,9,"{""name"":""rect"",""x"":1466,""y"":2452,""width"":111,""height"":97}","{""Label"":""director_hkid_digi_1""}"
NAR1-cb.png,41814,"{}",15,10,"{""name"":""rect"",""x"":1583,""y"":2451,""width"":109,""height"":98}","{""Label"":""director_hkid_digi_2""}"
NAR1-cb.png,41814,"{}",15,11,"{""name"":""rect"",""x"":1698,""y"":2451,""width"":109,""height"":98}","{""Label"":""director_hkid_digi_3""}"
NAR1-cb.png,41814,"{}",15,12,"{""name"":""rect"",""x"":1814,""y"":2453,""width"":114,""height"":97}","{""Label"":""director_hkid_digi_4""}"
NAR1-cb.png,41814,"{}",15,13,"{""name"":""rect"",""x"":1934,""y"":2451,""width"":109,""height"":98}","{""Label"":""director_hkid_digi_5""}"
NAR1-cb.png,41814,"{}",15,14,"{""name"":""rect"",""x"":2049,""y"":2451,""width"":112,""height"":98}","{""Label"":""director_hkid_digi_6""}"